{
  "success": true,
  "duration_seconds": 0.6925687789916992,
  "query_count": 50,
  "successful_queries": 50,
  "throughput_qps": 72.19499566930273,
  "latency_p50_ms": 13.212323188781738,
  "latency_p95_ms": 19.489061832427975,
  "latency_p99_ms": 25.046961307525628,
  "latency_min_ms": 9.326934814453125,
  "latency_max_ms": 26.870250701904297,
  "latency_mean_ms": 13.847498893737793,
  "latency_std_ms": 3.127262277126554,
  "backend": "lancedb-embedded",
  "operation": "search",
  "endpoint_info": {
    "type": "embedded",
    "backend": "lancedb-embedded",
    "endpoint": "/tmp/lancedb-embedded"
  }
}