{
  "success": true,
  "duration_seconds": 1.9740104675292969,
  "query_count": 10,
  "throughput_qps": 5.065829267114354,
  "latency_p50_ms": 198.34983348846436,
  "latency_p95_ms": 202.9834508895874,
  "latency_p99_ms": 203.36162090301514,
  "latency_min_ms": 189.79358673095703,
  "latency_max_ms": 203.45616340637207,
  "latency_mean_ms": 197.38919734954834,
  "latency_std_ms": 4.104756481184906,
  "resource_usage": {
    "error": "HTTP 404"
  },
  "backend": "s3vector",
  "operation": "search"
}