{
  "success": true,
  "duration_seconds": 9.804323434829712,
  "query_count": 50,
  "successful_queries": 50,
  "throughput_qps": 5.099790957770298,
  "latency_p50_ms": 171.35107517242432,
  "latency_p95_ms": 393.29543113708496,
  "latency_p99_ms": 493.21585893630964,
  "latency_min_ms": 133.1489086151123,
  "latency_max_ms": 532.3843955993652,
  "latency_mean_ms": 196.08148574829102,
  "latency_std_ms": 76.72335109314696,
  "backend": "lancedb-embedded-s3",
  "operation": "search",
  "endpoint_info": {
    "type": "embedded",
    "backend": "lancedb-embedded-s3",
    "endpoint": "s3://videolake-vectors/embedded-benchmark"
  }
}